period_name,kind,K,positions_sampled,first_digit_freq_0,first_digit_freq_1,first_digit_freq_2,first_digit_freq_3,first_digit_entropy_bits,first_digit_chi2_vs_uniform,random_first_digit_chi2_vs_uniform,unique_words_L12,random_unique_words_L12,unique_fraction,random_unique_fraction
base4_res_K109,base4_resonance,109,9175,0.25286103542234334,0.24457765667574932,0.24435967302452316,0.2582016348773842,1.9996065207599916,5.015694822888284,1.093732970027248,9172,9175,0.9996730245231608,1.0
base4_res_K635,base4_resonance,635,1575,0.25142857142857145,0.25142857142857145,0.2546031746031746,0.24253968253968253,1.9997652660231302,0.5098412698412699,4.766349206349206,1575,1575,1.0,1.0
base4_res_K3284,base4_resonance,3284,305,0.2459016393442623,0.23934426229508196,0.25573770491803277,0.25901639344262295,1.9992928201135967,0.2983606557377049,10.737704918032787,305,305,1.0,1.0
base4_res_K15785,base4_resonance,15785,64,0.1875,0.28125,0.34375,0.1875,1.949918036667345,4.5,2.375,64,64,1.0,1.0
decimal_res_K1221,decimal_resonance_pointer,1221,819,0.24053724053724054,0.2673992673992674,0.24175824175824176,0.2503052503052503,1.9986859350965127,1.507936507936508,3.7057387057387055,819,819,1.0,1.0
