cf_index,K,N,epsilon,abs_epsilon,K_over_N
6,90,109,0.009065056794469228,0.009065056794469228,0.8256880733944955
7,109,132,-0.0017404299472616458,0.0017404299472616458,0.8257575757575758
8,635,769,0.00036290705816099944,0.00036290705816099944,0.8257477243172952
9,2649,3208,-0.00028880171430500923,0.00028880171430500923,0.8257481296758105
10,3284,3977,7.410534362861654e-05,7.410534362861654e-05,0.8257480512949459
11,12501,15139,-6.648568160017021e-05,6.648568160017021e-05,0.8257480679040887
12,15785,19116,7.6196592999622226e-06,7.6196592999622226e-06,0.8257480644486295
